sweep,in_ch,out_ch,spatial,compile_ok,mean_us,std_us,min_us,tflops,gflops
out_ch_sweep_768,768,16,256,True,104.5,14.1,85.4,0.060,0.006
out_ch_sweep_768,768,32,256,True,106.9,16.5,80.8,0.118,0.013
out_ch_sweep_768,768,48,256,True,95.6,14.5,75.8,0.197,0.019
out_ch_sweep_768,768,64,256,True,104.5,16.6,84.5,0.241,0.025
out_ch_sweep_768,768,80,256,True,115.0,12.4,95.3,0.273,0.031
out_ch_sweep_768,768,96,256,True,93.3,13.5,73.9,0.404,0.038
out_ch_sweep_768,768,112,256,True,104.3,15.2,84.7,0.422,0.044
out_ch_sweep_768,768,128,256,True,106.8,14.6,84.2,0.471,0.050
out_ch_sweep_768,768,144,256,True,93.4,17.7,67.2,0.607,0.057
out_ch_sweep_768,768,160,256,True,100.7,13.3,82.9,0.625,0.063
out_ch_sweep_768,768,176,256,True,109.4,23.1,79.5,0.633,0.069
out_ch_sweep_768,768,192,256,True,97.0,15.9,76.2,0.779,0.075
out_ch_sweep_768,768,208,256,True,114.2,21.5,76.5,0.716,0.082
out_ch_sweep_768,768,224,256,True,115.7,13.2,92.1,0.761,0.088
out_ch_sweep_768,768,240,256,True,113.1,15.3,94.2,0.835,0.094
out_ch_sweep_768,768,256,256,True,98.1,14.4,80.6,1.026,0.101
out_ch_sweep_768,768,272,256,True,113.0,12.0,97.9,0.946,0.107
out_ch_sweep_768,768,288,256,True,119.3,17.3,82.1,0.949,0.113
out_ch_sweep_768,768,304,256,True,91.1,12.1,75.6,1.312,0.120
out_ch_sweep_768,768,320,256,True,109.5,21.2,77.6,1.149,0.126
out_ch_sweep_768,768,336,256,True,114.5,9.5,99.8,1.154,0.132
out_ch_sweep_768,768,352,256,True,124.1,13.0,101.3,1.115,0.138
out_ch_sweep_768,768,368,256,True,94.6,13.2,79.2,1.530,0.145
out_ch_sweep_768,768,384,256,True,115.3,20.5,86.8,1.309,0.151
out_ch_sweep_768,768,400,256,True,116.3,12.0,93.6,1.353,0.157
out_ch_sweep_768,768,416,256,True,125.0,8.3,109.2,1.309,0.164
out_ch_sweep_768,768,432,256,True,124.6,19.5,81.8,1.363,0.170
out_ch_sweep_768,768,448,256,True,107.9,21.6,81.0,1.633,0.176
out_ch_sweep_768,768,464,256,True,102.9,14.0,86.5,1.773,0.182
out_ch_sweep_768,768,480,256,True,128.0,15.7,84.8,1.474,0.189
out_ch_sweep_768,768,496,256,True,125.3,20.9,84.4,1.556,0.195
out_ch_sweep_768,768,512,256,True,122.8,25.5,85.2,1.639,0.201
out_ch_sweep_768,768,528,256,True,126.2,17.7,93.2,1.645,0.208
out_ch_sweep_768,768,544,256,True,103.8,13.8,84.0,2.061,0.214
out_ch_sweep_768,768,560,256,True,96.6,7.8,85.6,2.281,0.220
out_ch_sweep_768,768,576,256,True,126.2,25.1,87.3,1.794,0.226
out_ch_sweep_768,768,592,256,True,142.2,3.2,136.5,1.637,0.233
out_ch_sweep_768,768,608,256,True,144.0,6.1,137.0,1.660,0.239
out_ch_sweep_768,768,624,256,True,143.9,6.1,137.5,1.705,0.245
out_ch_sweep_768,768,640,256,True,145.2,4.3,138.4,1.733,0.252
out_ch_sweep_768,768,656,256,True,123.9,25.3,83.2,2.082,0.258
out_ch_sweep_768,768,672,256,True,113.8,19.0,92.0,2.321,0.264
out_ch_sweep_768,768,688,256,True,126.3,27.4,92.0,2.141,0.271
out_ch_sweep_768,768,704,256,True,156.1,22.7,121.9,1.774,0.277
out_ch_sweep_768,768,720,256,True,133.8,26.3,92.6,2.117,0.283
out_ch_sweep_768,768,736,256,True,141.1,22.6,113.2,2.051,0.289
out_ch_sweep_768,768,752,256,True,143.8,26.0,113.3,2.056,0.296
out_ch_sweep_768,768,768,256,True,136.6,22.9,101.6,2.211,0.302
out_ch_sweep_768,768,784,256,True,143.6,22.6,116.5,2.147,0.308
out_ch_sweep_768,768,800,256,True,142.9,24.5,111.6,2.201,0.315
out_ch_sweep_768,768,816,256,True,143.2,23.5,118.4,2.240,0.321
out_ch_sweep_768,768,832,256,True,140.0,25.8,109.3,2.336,0.327
out_ch_sweep_768,768,848,256,True,137.6,27.3,105.6,2.424,0.333
out_ch_sweep_768,768,864,256,True,130.3,27.5,97.5,2.608,0.340
out_ch_sweep_768,768,880,256,True,133.8,23.3,105.3,2.585,0.346
out_ch_sweep_768,768,896,256,True,149.3,25.0,110.0,2.361,0.352
out_ch_sweep_768,768,912,256,True,149.8,23.1,114.8,2.394,0.359
out_ch_sweep_768,768,928,256,True,148.9,23.0,114.5,2.450,0.365
out_ch_sweep_768,768,944,256,True,167.6,25.3,124.3,2.214,0.371
out_ch_sweep_768,768,960,256,True,157.6,21.0,119.8,2.396,0.377
out_ch_sweep_768,768,976,256,True,150.2,25.3,114.3,2.555,0.384
out_ch_sweep_768,768,992,256,True,144.8,25.5,101.2,2.693,0.390
out_ch_sweep_768,768,1008,256,True,137.2,23.0,105.8,2.888,0.396
out_ch_sweep_768,768,1024,256,True,139.3,12.9,115.8,2.891,0.403
out_ch_sweep_768,768,1040,256,True,154.1,6.8,130.4,2.654,0.409
out_ch_sweep_768,768,1056,256,True,152.9,7.9,128.5,2.715,0.415
out_ch_sweep_768,768,1072,256,True,161.8,10.1,146.6,2.606,0.422
out_ch_sweep_768,768,1088,256,True,153.5,23.5,112.9,2.788,0.428
out_ch_sweep_768,768,1104,256,True,135.2,21.4,106.4,3.210,0.434
out_ch_sweep_768,768,1120,256,True,122.9,18.3,102.1,3.584,0.440
out_ch_sweep_768,768,1136,256,True,139.7,22.1,106.3,3.198,0.447
out_ch_sweep_768,768,1152,256,True,133.9,19.6,107.2,3.382,0.453
out_ch_sweep_768,768,1168,256,True,132.6,16.8,110.9,3.465,0.459
out_ch_sweep_768,768,1184,256,True,156.5,7.3,130.8,2.975,0.466
out_ch_sweep_768,768,1200,256,True,151.1,7.4,132.2,3.123,0.472
out_ch_sweep_768,768,1216,256,True,150.5,8.5,129.8,3.177,0.478
out_ch_sweep_768,768,1232,256,True,156.9,10.1,132.2,3.087,0.484
out_ch_sweep_768,768,1248,256,True,138.1,21.9,110.5,3.553,0.491
out_ch_sweep_768,768,1264,256,True,149.4,13.9,126.5,3.327,0.497
out_ch_sweep_768,768,1280,256,True,143.0,13.1,123.2,3.519,0.503
out_ch_sweep_768,768,1296,256,True,149.6,9.4,124.7,3.408,0.510
out_ch_sweep_768,768,1312,256,True,142.5,15.6,106.4,3.620,0.516
out_ch_sweep_768,768,1328,256,True,147.6,22.1,115.5,3.537,0.522
out_ch_sweep_768,768,1344,256,True,136.8,13.0,113.8,3.864,0.528
out_ch_sweep_768,768,1360,256,True,145.4,17.5,111.7,3.677,0.535
out_ch_sweep_768,768,1376,256,True,153.3,11.2,122.0,3.530,0.541
out_ch_sweep_768,768,1392,256,True,152.8,9.3,130.6,3.582,0.547
out_ch_sweep_768,768,1408,256,True,155.5,10.3,128.0,3.561,0.554
out_ch_sweep_768,768,1424,256,True,144.4,14.5,119.2,3.878,0.560
out_ch_sweep_768,768,1440,256,True,143.3,10.8,124.3,3.952,0.566
out_ch_sweep_768,768,1456,256,True,146.5,14.8,118.2,3.907,0.573
out_ch_sweep_768,768,1472,256,True,152.4,7.5,130.9,3.797,0.579
out_ch_sweep_768,768,1488,256,True,144.0,17.8,113.6,4.064,0.585
out_ch_sweep_768,768,1504,256,True,156.8,4.5,150.7,3.771,0.591
out_ch_sweep_768,768,1520,256,True,148.2,14.9,126.1,4.033,0.598
out_ch_sweep_768,768,1536,256,True,6942.3,99.7,6815.7,0.087,0.604
out_ch_sweep_768,768,1552,256,True,7000.4,100.6,6836.5,0.087,0.610
out_ch_sweep_768,768,1568,256,True,153.9,14.3,122.4,4.006,0.617
out_ch_sweep_768,768,1584,256,True,145.6,15.0,116.5,4.278,0.623
out_ch_sweep_768,768,1600,256,True,161.9,7.8,151.2,3.886,0.629
out_ch_sweep_768,768,1616,256,True,164.1,25.7,127.3,3.873,0.635
out_ch_sweep_768,768,1632,256,True,153.5,6.2,140.8,4.181,0.642
out_ch_sweep_768,768,1648,256,True,155.0,16.9,127.8,4.181,0.648
out_ch_sweep_768,768,1664,256,True,177.6,22.5,147.0,3.685,0.654
out_ch_sweep_768,768,1680,256,True,161.3,20.9,120.2,4.096,0.661
out_ch_sweep_768,768,1696,256,True,167.4,19.1,130.5,3.984,0.667
out_ch_sweep_768,768,1712,256,True,162.9,9.7,137.7,4.132,0.673
out_ch_sweep_768,768,1728,256,True,156.6,9.8,141.4,4.338,0.679
out_ch_sweep_768,768,1744,256,True,175.1,37.0,130.0,3.916,0.686
out_ch_sweep_768,768,1760,256,True,164.3,8.4,148.4,4.212,0.692
out_ch_sweep_768,768,1776,256,True,156.0,5.3,145.8,4.476,0.698
out_ch_sweep_768,768,1792,256,True,151.3,17.0,124.7,4.658,0.705
out_ch_sweep_768,768,1808,256,True,185.0,32.9,133.3,3.843,0.711
out_ch_sweep_768,768,1824,256,True,167.2,9.8,148.8,4.289,0.717
out_ch_sweep_768,768,1840,256,True,163.7,11.6,140.2,4.420,0.724
out_ch_sweep_768,768,1856,256,True,154.7,14.6,120.8,4.718,0.730
out_ch_sweep_768,768,1872,256,True,159.0,16.9,131.9,4.628,0.736
out_ch_sweep_768,768,1888,256,True,190.4,30.0,153.5,3.898,0.742
out_ch_sweep_768,768,1904,256,True,176.9,23.2,142.3,4.233,0.749
out_ch_sweep_768,768,1920,256,True,165.9,17.2,131.5,4.550,0.755
out_ch_sweep_768,768,1936,256,True,186.2,31.4,132.3,4.089,0.761
out_ch_sweep_768,768,1952,256,True,155.8,10.6,133.7,4.928,0.768
out_ch_sweep_768,768,1968,256,True,150.3,8.7,128.5,5.150,0.774
out_ch_sweep_768,768,1984,256,True,172.6,26.7,134.1,4.521,0.780
out_ch_sweep_768,768,2000,256,True,167.8,8.6,141.1,4.687,0.786
out_ch_sweep_768,768,2016,256,True,171.2,21.3,133.4,4.630,0.793
out_ch_sweep_768,768,2032,256,True,182.5,9.8,164.3,4.379,0.799
out_ch_sweep_768,768,2048,256,True,183.6,22.5,147.8,4.387,0.805
out_ch_sweep_768,768,2064,256,True,174.9,10.3,148.2,4.641,0.812
out_ch_sweep_768,768,2080,256,True,176.4,13.2,147.5,4.637,0.818
out_ch_sweep_768,768,2096,256,True,171.3,8.2,163.8,4.810,0.824
out_ch_sweep_768,768,2112,256,True,180.2,25.2,147.2,4.609,0.830
out_ch_sweep_768,768,2128,256,True,177.0,8.3,164.4,4.728,0.837
out_ch_sweep_768,768,2144,256,True,190.1,27.8,146.9,4.435,0.843
out_ch_sweep_768,768,2160,256,True,171.8,3.7,165.9,4.945,0.849
out_ch_sweep_768,768,2176,256,True,172.2,10.3,147.6,4.969,0.856
out_ch_sweep_768,768,2192,256,True,169.8,3.7,164.2,5.076,0.862
out_ch_sweep_768,768,2208,256,True,183.1,9.2,167.8,4.741,0.868
out_ch_sweep_768,768,2224,256,True,186.2,22.8,157.1,4.697,0.875
out_ch_sweep_768,768,2240,256,True,178.0,6.4,169.5,4.949,0.881
out_ch_sweep_768,768,2256,256,True,163.2,13.5,139.6,5.437,0.887
out_ch_sweep_768,768,2272,256,True,180.0,4.3,172.8,4.963,0.893
out_ch_sweep_768,768,2288,256,True,179.5,9.8,164.8,5.011,0.900
out_ch_sweep_768,768,2304,256,True,202.1,38.5,168.5,4.483,0.906
out_ch_sweep_768,768,2320,256,True,170.9,8.3,152.0,5.337,0.912
out_ch_sweep_768,768,2336,256,True,168.0,10.2,150.2,5.469,0.919
out_ch_sweep_768,768,2352,256,True,194.5,26.3,148.8,4.754,0.925
out_ch_sweep_768,768,2368,256,True,186.7,7.0,174.9,4.988,0.931
out_ch_sweep_768,768,2384,256,True,188.9,13.2,171.3,4.963,0.937
out_ch_sweep_768,768,2400,256,True,180.7,13.4,158.0,5.222,0.944
out_ch_sweep_768,768,2416,256,True,240.0,157.0,177.3,3.959,0.950
out_ch_sweep_768,768,2432,256,True,248.3,161.5,178.5,3.851,0.956
out_ch_sweep_768,768,2448,256,True,318.2,313.2,174.2,3.025,0.963
out_ch_sweep_768,768,2464,256,True,217.4,35.1,148.0,4.457,0.969
out_ch_sweep_768,768,2480,256,True,187.4,13.6,172.4,5.202,0.975
out_ch_sweep_768,768,2496,256,True,186.6,3.2,182.2,5.260,0.981
out_ch_sweep_768,768,2512,256,True,187.2,8.8,167.9,5.275,0.988
out_ch_sweep_768,768,2528,256,True,194.0,18.1,157.9,5.123,0.994
out_ch_sweep_768,768,2544,256,True,184.2,12.0,156.5,5.432,1.000
out_ch_sweep_768,768,2560,256,True,188.0,3.7,180.5,5.354,1.007
out_ch_sweep_4096,4096,64,128,True,136.0,14.1,101.9,0.493,0.067
out_ch_sweep_4096,4096,128,128,True,139.9,8.6,125.8,0.959,0.134
out_ch_sweep_4096,4096,192,128,True,151.7,5.6,138.3,1.327,0.201
out_ch_sweep_4096,4096,256,128,True,165.7,8.5,145.8,1.620,0.268
out_ch_sweep_4096,4096,320,128,True,179.0,12.8,164.5,1.875,0.336
out_ch_sweep_4096,4096,384,128,True,193.6,2.2,189.1,2.080,0.403
out_ch_sweep_4096,4096,448,128,True,201.6,9.5,180.8,2.330,0.470
out_ch_sweep_4096,4096,512,128,True,187.3,4.3,180.0,2.866,0.537
out_ch_sweep_4096,4096,576,128,True,220.2,11.6,205.3,2.743,0.604
out_ch_sweep_4096,4096,640,128,True,234.4,9.8,213.7,2.863,0.671
out_ch_sweep_4096,4096,704,128,True,241.0,7.5,232.3,3.063,0.738
out_ch_sweep_4096,4096,768,128,True,240.0,17.4,208.9,3.356,0.805
out_ch_sweep_4096,4096,832,128,True,264.8,13.4,229.7,3.294,0.872
out_ch_sweep_4096,4096,896,128,True,269.4,10.5,256.2,3.487,0.940
out_ch_sweep_4096,4096,960,128,True,285.7,26.0,249.2,3.524,1.007
out_ch_sweep_4096,4096,1024,128,True,311.4,34.8,275.0,3.449,1.074
out_ch_sweep_4096,4096,1088,128,True,465.7,473.2,296.5,2.450,1.141
out_ch_sweep_4096,4096,1152,128,True,705.2,575.0,294.5,1.713,1.208
out_ch_sweep_4096,4096,1216,128,True,311.8,4.0,305.1,4.089,1.275
out_ch_sweep_4096,4096,1280,128,True,321.9,5.2,313.8,4.169,1.342
out_ch_sweep_4096,4096,1344,128,True,325.7,17.4,293.6,4.327,1.409
out_ch_sweep_4096,4096,1408,128,True,343.7,21.6,327.0,4.295,1.476
out_ch_sweep_4096,4096,1472,128,True,337.6,22.5,301.2,4.572,1.544
out_ch_sweep_4096,4096,1536,128,True,349.7,25.7,313.1,4.606,1.611
out_ch_sweep_4096,4096,1600,128,True,366.4,14.8,346.2,4.579,1.678
out_ch_sweep_4096,4096,1664,128,True,384.7,27.4,333.8,4.536,1.745
out_ch_sweep_4096,4096,1728,128,True,373.6,15.0,341.1,4.850,1.812
out_ch_sweep_4096,4096,1792,128,True,386.4,13.4,356.7,4.863,1.879
out_ch_sweep_4096,4096,1856,128,True,585.5,408.0,368.1,3.324,1.946
out_ch_sweep_4096,4096,1920,128,True,399.3,25.6,363.5,5.042,2.013
out_ch_sweep_4096,4096,1984,128,True,406.3,5.7,389.4,5.120,2.080
out_ch_sweep_4096,4096,2048,128,True,850.8,24.6,819.2,2.524,2.147
out_ch_sweep_4096,4096,2112,128,True,418.6,3.7,414.1,5.290,2.215
out_ch_sweep_4096,4096,2176,128,True,397.9,12.7,381.7,5.734,2.282
out_ch_sweep_4096,4096,2240,128,True,426.6,16.6,400.0,5.506,2.349
out_ch_sweep_4096,4096,2304,128,True,448.7,9.1,429.2,5.384,2.416
out_ch_sweep_4096,4096,2368,128,True,500.4,53.1,428.2,4.963,2.483
out_ch_sweep_4096,4096,2432,128,True,1320.2,524.0,493.2,1.932,2.550
out_ch_sweep_4096,4096,2496,128,True,498.5,40.7,442.9,5.250,2.617
out_ch_sweep_4096,4096,2560,128,True,482.3,18.1,468.0,5.566,2.684
out_ch_sweep_4096,4096,2624,128,True,487.1,12.9,459.7,5.648,2.751
out_ch_sweep_4096,4096,2688,128,True,519.0,50.5,454.2,5.431,2.819
out_ch_sweep_4096,4096,2752,128,True,504.7,17.7,494.3,5.718,2.886
out_ch_sweep_4096,4096,2816,128,True,1239.7,1321.8,512.1,2.382,2.953
out_ch_sweep_4096,4096,2880,128,True,566.1,87.0,496.4,5.334,3.020
out_ch_sweep_4096,4096,2944,128,True,519.7,14.5,497.0,5.940,3.087
out_ch_sweep_4096,4096,3008,128,True,529.8,10.8,506.5,5.953,3.154
out_ch_sweep_4096,4096,3072,128,True,533.3,15.0,511.4,6.041,3.221
out_ch_sweep_4096,4096,3136,128,True,526.3,16.6,495.5,6.248,3.288
out_ch_sweep_4096,4096,3200,128,True,565.7,29.2,517.0,5.931,3.355
out_ch_sweep_4096,4096,3264,128,True,568.8,48.6,515.4,6.017,3.423
out_ch_sweep_4096,4096,3328,128,True,527.6,21.3,512.8,6.614,3.490
out_ch_sweep_4096,4096,3392,128,True,5822.5,51.6,5757.2,0.611,3.557
out_ch_sweep_4096,4096,3456,128,True,586.7,19.9,562.8,6.177,3.624
out_ch_sweep_4096,4096,3520,128,True,598.5,33.2,563.0,6.167,3.691
out_ch_sweep_4096,4096,3584,128,True,574.0,25.3,544.5,6.547,3.758
out_ch_sweep_4096,4096,3648,128,True,677.9,109.7,570.2,5.643,3.825
out_ch_sweep_4096,4096,3712,128,True,609.7,36.7,573.9,6.384,3.892
out_ch_sweep_4096,4096,3776,128,True,626.0,80.2,564.4,6.325,3.959
out_ch_sweep_4096,4096,3840,128,True,679.6,32.5,638.1,5.925,4.027
out_ch_sweep_4096,4096,3904,128,True,705.3,90.5,621.2,5.804,4.094
out_ch_sweep_4096,4096,3968,128,True,706.4,48.0,632.2,5.890,4.161
out_ch_sweep_4096,4096,4032,128,True,734.0,43.2,669.5,5.760,4.228
out_ch_sweep_4096,4096,4096,128,True,1826.0,191.6,1656.8,2.352,4.295
out_ch_sweep_4096,4096,4160,128,True,689.3,25.7,667.5,6.328,4.362
out_ch_sweep_4096,4096,4224,128,True,760.9,89.5,686.2,5.821,4.429
out_ch_sweep_4096,4096,4288,128,True,740.7,88.8,660.2,6.071,4.496
out_ch_sweep_4096,4096,4352,128,True,804.7,99.5,691.1,5.671,4.563
out_ch_sweep_4096,4096,4416,128,True,761.7,41.8,694.0,6.079,4.631
out_ch_sweep_4096,4096,4480,128,True,814.2,61.5,730.2,5.769,4.698
out_ch_sweep_4096,4096,4544,128,True,806.4,88.0,709.6,5.909,4.765
out_ch_sweep_4096,4096,4608,128,True,786.9,69.9,706.7,6.140,4.832
out_ch_sweep_4096,4096,4672,128,True,767.8,62.3,708.7,6.381,4.899
out_ch_sweep_4096,4096,4736,128,True,756.7,13.4,744.8,6.563,4.966
out_ch_sweep_4096,4096,4800,128,True,827.1,67.1,773.5,6.085,5.033
out_ch_sweep_4096,4096,4864,128,True,836.6,85.3,758.5,6.096,5.100
out_ch_sweep_4096,4096,4928,128,True,842.1,70.8,771.5,6.136,5.167
out_ch_sweep_4096,4096,4992,128,True,791.7,25.2,747.9,6.612,5.234
out_ch_sweep_4096,4096,5056,128,True,803.7,29.9,785.5,6.597,5.302
out_ch_sweep_4096,4096,5120,128,True,814.8,32.5,774.8,6.589,5.369
out_ch_sweep_4096,4096,5184,128,True,851.6,60.9,790.5,6.383,5.436
out_ch_sweep_4096,4096,5248,128,True,902.6,74.3,806.2,6.096,5.503
out_ch_sweep_4096,4096,5312,128,True,835.7,26.2,810.3,6.665,5.570
out_ch_sweep_4096,4096,5376,128,True,823.7,39.4,770.5,6.844,5.637
out_ch_sweep_4096,4096,5440,128,True,896.1,38.6,834.1,6.365,5.704
out_ch_sweep_4096,4096,5504,128,True,914.7,52.0,835.3,6.310,5.771
out_ch_sweep_4096,4096,5568,128,True,934.2,84.9,836.1,6.249,5.838
out_ch_sweep_4096,4096,5632,128,True,1081.1,213.3,869.5,5.463,5.906
out_ch_sweep_4096,4096,5696,128,True,906.8,39.7,862.9,6.586,5.973
out_ch_sweep_4096,4096,5760,128,True,892.8,31.4,837.0,6.765,6.040
out_ch_sweep_4096,4096,5824,128,True,1003.2,113.8,874.4,6.088,6.107
out_ch_sweep_4096,4096,5888,128,True,1027.1,100.8,869.0,6.011,6.174
out_ch_sweep_4096,4096,5952,128,True,1133.2,192.9,891.9,5.508,6.241
out_ch_sweep_4096,4096,6016,128,True,930.8,68.2,845.4,6.777,6.308
out_ch_sweep_4096,4096,6080,128,True,1025.1,106.1,903.2,6.219,6.375
out_ch_sweep_4096,4096,6144,128,True,2443.9,127.2,2253.5,2.636,6.442
out_ch_sweep_4096,4096,6208,128,True,973.9,90.5,890.7,6.684,6.510
out_ch_sweep_4096,4096,6272,128,True,1001.4,53.1,930.2,6.568,6.577
out_ch_sweep_4096,4096,6336,128,True,1011.3,102.0,932.2,6.569,6.644
out_ch_sweep_4096,4096,6400,128,True,985.5,75.4,935.5,6.810,6.711
out_ch_sweep_4096,4096,6464,128,True,1064.8,80.7,971.8,6.365,6.778
out_ch_sweep_4096,4096,6528,128,True,1148.0,123.0,997.5,5.962,6.845
out_ch_sweep_4096,4096,6592,128,True,1111.3,113.2,965.1,6.220,6.912
out_ch_sweep_4096,4096,6656,128,True,1187.7,143.8,997.2,5.876,6.979
out_ch_sweep_4096,4096,6720,128,True,1126.8,129.1,990.0,6.254,7.046
out_ch_sweep_4096,4096,6784,128,True,1106.1,100.9,994.1,6.431,7.114
out_ch_sweep_4096,4096,6848,128,True,1044.6,85.1,986.4,6.874,7.181
out_ch_sweep_4096,4096,6912,128,True,1228.6,151.0,1011.5,5.899,7.248
out_ch_sweep_4096,4096,6976,128,True,1216.1,130.8,1053.1,6.015,7.315
out_ch_sweep_4096,4096,7040,128,True,1209.4,114.8,1057.1,6.104,7.382
out_ch_sweep_4096,4096,7104,128,True,1250.2,149.8,1039.9,5.958,7.449
out_ch_sweep_4096,4096,7168,128,True,1107.9,83.2,1040.6,6.784,7.516
out_ch_sweep_4096,4096,7232,128,True,1074.4,71.3,1016.6,7.058,7.583
out_ch_sweep_4096,4096,7296,128,True,1246.0,154.7,1021.2,6.140,7.650
out_ch_sweep_4096,4096,7360,128,True,1205.0,118.2,1065.8,6.405,7.718
out_ch_sweep_4096,4096,7424,128,True,1172.0,98.0,1066.7,6.642,7.785
out_ch_sweep_4096,4096,7488,128,True,1126.3,60.4,1077.1,6.971,7.852
out_ch_sweep_4096,4096,7552,128,True,1271.0,91.1,1109.2,6.231,7.919
out_ch_sweep_4096,4096,7616,128,True,1244.8,94.8,1129.1,6.415,7.986
out_ch_sweep_4096,4096,7680,128,True,1445.7,201.4,1146.2,5.570,8.053
out_ch_sweep_4096,4096,7744,128,True,1292.4,145.7,1141.0,6.283,8.120
out_ch_sweep_4096,4096,7808,128,True,1339.8,156.8,1137.0,6.111,8.187
out_ch_sweep_4096,4096,7872,128,True,1276.5,135.8,1141.0,6.466,8.254
out_ch_sweep_4096,4096,7936,128,True,1177.1,53.9,1136.3,7.070,8.321
out_ch_sweep_4096,4096,8000,128,True,1184.7,70.5,1116.1,7.081,8.389
out_ch_sweep_4096,4096,8064,128,True,1329.7,152.2,1158.2,6.359,8.456
out_ch_sweep_4096,4096,8128,128,True,1299.6,128.0,1158.1,6.558,8.523
out_ch_sweep_4096,4096,8192,128,True,2913.0,103.6,2745.0,2.949,8.590
out_ch_sweep_4096,4096,8256,128,True,1225.6,78.8,1172.8,7.064,8.657
out_ch_sweep_4096,4096,8320,128,True,1305.7,106.9,1182.0,6.682,8.724
out_ch_sweep_4096,4096,8384,128,True,1375.6,160.7,1196.1,6.391,8.791
out_ch_sweep_4096,4096,8448,128,True,1216.2,39.9,1177.9,7.284,8.858
out_ch_sweep_4096,4096,8512,128,True,1270.0,126.3,1200.6,7.028,8.925
out_ch_sweep_4096,4096,8576,128,True,1351.5,111.4,1231.4,6.654,8.993
out_ch_sweep_4096,4096,8640,128,True,1317.9,105.3,1230.2,6.875,9.060
out_ch_sweep_4096,4096,8704,128,True,1315.8,149.1,1227.5,6.937,9.127
out_ch_sweep_4096,4096,8768,128,True,1386.5,116.7,1227.5,6.631,9.194
out_ch_sweep_4096,4096,8832,128,True,1408.0,166.1,1241.9,6.577,9.261
out_ch_sweep_4096,4096,8896,128,True,1458.5,160.3,1269.5,6.396,9.328
out_ch_sweep_4096,4096,8960,128,True,1447.8,188.1,1265.4,6.489,9.395
out_ch_sweep_4096,4096,9024,128,True,1419.7,133.5,1271.5,6.665,9.462
out_ch_sweep_4096,4096,9088,128,True,1332.6,94.0,1257.5,7.151,9.529
out_ch_sweep_4096,4096,9152,128,True,1479.3,166.5,1313.6,6.487,9.597
out_ch_sweep_4096,4096,9216,128,True,1378.8,103.6,1270.9,7.009,9.664
out_ch_sweep_4096,4096,9280,128,True,1496.2,154.3,1336.8,6.504,9.731
out_ch_sweep_4096,4096,9344,128,True,1551.0,169.4,1319.4,6.317,9.798
out_ch_sweep_4096,4096,9408,128,True,1351.2,36.7,1295.0,7.301,9.865
out_ch_sweep_4096,4096,9472,128,True,1487.0,137.5,1343.4,6.680,9.932
out_ch_sweep_4096,4096,9536,128,True,1470.0,145.2,1328.9,6.802,9.999
out_ch_sweep_4096,4096,9600,128,True,1457.1,151.0,1297.8,6.909,10.066
out_ch_sweep_4096,4096,9664,128,True,1399.4,97.8,1326.1,7.241,10.133
out_ch_sweep_4096,4096,9728,128,True,1421.3,86.2,1335.4,7.177,10.201
out_ch_sweep_4096,4096,9792,128,True,1408.4,99.1,1309.4,7.290,10.268
out_ch_sweep_4096,4096,9856,128,True,1536.8,191.7,1351.9,6.725,10.335
out_ch_sweep_4096,4096,9920,128,True,1515.6,132.3,1382.5,6.863,10.402
out_ch_sweep_4096,4096,9984,128,True,1495.8,145.2,1361.4,6.999,10.469
out_ch_sweep_4096,4096,10048,128,True,1450.9,82.6,1373.2,7.262,10.536
out_ch_sweep_4096,4096,10112,128,True,1559.1,140.5,1435.9,6.801,10.603
out_ch_sweep_4096,4096,10176,128,True,1563.8,113.8,1429.0,6.823,10.670
out_ch_sweep_4096,4096,10240,128,True,3781.4,169.2,3519.3,2.840,10.737
out_ch_sweep_4096,4096,10304,128,True,1599.0,185.3,1443.0,6.757,10.805
out_ch_sweep_4096,4096,10368,128,True,1551.3,122.8,1440.0,7.008,10.872
out_ch_sweep_4096,4096,10432,128,True,1724.9,196.2,1468.2,6.342,10.939
out_ch_sweep_4096,4096,10496,128,True,1492.1,79.4,1432.1,7.376,11.006
out_ch_sweep_4096,4096,10560,128,True,1596.0,151.9,1456.4,6.938,11.073
out_ch_sweep_4096,4096,10624,128,True,1528.8,102.9,1459.6,7.287,11.140
out_ch_sweep_4096,4096,10688,128,True,1521.0,44.6,1476.3,7.368,11.207
out_ch_sweep_4096,4096,10752,128,True,1622.2,133.9,1513.1,6.950,11.274
out_ch_sweep_4096,4096,10816,128,True,1634.7,159.1,1503.7,6.938,11.341
out_ch_sweep_4096,4096,10880,128,True,1659.9,166.3,1520.0,6.873,11.409
out_ch_sweep_4096,4096,10944,128,True,1646.1,142.3,1516.2,6.971,11.476
out_ch_sweep_4096,4096,11008,128,True,1650.1,123.5,1537.7,6.995,11.543
out_ch_sweep_4096,4096,11072,128,True,1725.2,160.5,1553.5,6.730,11.610
out_ch_sweep_4096,4096,11136,128,True,1642.5,96.4,1544.0,7.109,11.677
out_ch_sweep_4096,4096,11200,128,True,1835.9,192.6,1570.8,6.397,11.744
in_ch_sweep_512,16,512,256,True,101.1,14.0,85.0,0.041,0.004
in_ch_sweep_512,32,512,256,True,100.3,19.2,79.8,0.084,0.008
in_ch_sweep_512,48,512,256,True,89.7,20.1,61.5,0.140,0.013
in_ch_sweep_512,64,512,256,True,96.7,13.3,82.2,0.174,0.017
in_ch_sweep_512,80,512,256,True,88.7,18.4,67.6,0.237,0.021
in_ch_sweep_512,96,512,256,True,103.4,27.0,66.0,0.243,0.025
in_ch_sweep_512,112,512,256,True,98.3,13.9,81.4,0.299,0.029
in_ch_sweep_512,128,512,256,True,87.5,22.1,64.1,0.384,0.034
in_ch_sweep_512,144,512,256,True,82.2,13.3,68.1,0.459,0.038
in_ch_sweep_512,160,512,256,True,95.7,11.4,83.7,0.438,0.042
in_ch_sweep_512,176,512,256,True,95.3,19.0,70.7,0.484,0.046
in_ch_sweep_512,192,512,256,True,90.1,19.0,71.3,0.558,0.050
in_ch_sweep_512,208,512,256,True,98.7,17.6,72.8,0.553,0.055
in_ch_sweep_512,224,512,256,True,93.0,20.6,69.7,0.631,0.059
in_ch_sweep_512,240,512,256,True,82.2,14.6,66.3,0.765,0.063
in_ch_sweep_512,256,512,256,True,100.1,14.7,82.6,0.671,0.067
in_ch_sweep_512,272,512,256,True,91.1,16.8,70.0,0.783,0.071
in_ch_sweep_512,288,512,256,True,101.8,15.0,83.2,0.742,0.075
in_ch_sweep_512,304,512,256,True,104.7,16.4,79.6,0.761,0.080
in_ch_sweep_512,320,512,256,True,86.7,12.8,74.0,0.967,0.084
in_ch_sweep_512,336,512,256,True,98.1,14.6,77.0,0.898,0.088
in_ch_sweep_512,352,512,256,True,104.0,17.8,85.3,0.887,0.092
in_ch_sweep_512,368,512,256,True,92.8,17.6,78.5,1.039,0.096
in_ch_sweep_512,384,512,256,True,99.0,16.0,82.8,1.016,0.101
in_ch_sweep_512,400,512,256,True,94.2,16.2,77.6,1.114,0.105
in_ch_sweep_512,416,512,256,True,105.6,18.4,81.9,1.033,0.109
in_ch_sweep_512,432,512,256,True,108.6,17.2,87.6,1.043,0.113
in_ch_sweep_512,448,512,256,True,124.9,17.4,92.1,0.941,0.117
in_ch_sweep_512,464,512,256,True,111.9,13.7,94.6,1.087,0.122
in_ch_sweep_512,480,512,256,True,121.5,17.6,93.4,1.035,0.126
in_ch_sweep_512,496,512,256,True,103.6,15.5,83.4,1.255,0.130
in_ch_sweep_512,512,512,256,True,145.4,188.9,84.8,0.923,0.134
in_ch_sweep_512,528,512,256,True,119.2,20.1,86.4,1.161,0.138
in_ch_sweep_512,544,512,256,True,118.6,14.7,96.8,1.202,0.143
in_ch_sweep_512,560,512,256,True,106.2,14.1,82.0,1.382,0.147
in_ch_sweep_512,576,512,256,True,109.1,13.7,91.5,1.384,0.151
in_ch_sweep_512,592,512,256,True,100.3,15.3,82.5,1.548,0.155
in_ch_sweep_512,608,512,256,True,115.4,12.8,95.0,1.381,0.159
in_ch_sweep_512,624,512,256,True,117.1,19.4,78.4,1.397,0.164
in_ch_sweep_512,640,512,256,True,115.0,17.9,88.9,1.459,0.168
in_ch_sweep_512,656,512,256,True,99.8,14.4,79.3,1.724,0.172
in_ch_sweep_512,672,512,256,True,110.7,17.3,86.2,1.591,0.176
in_ch_sweep_512,688,512,256,True,120.3,13.6,94.5,1.499,0.180
in_ch_sweep_512,704,512,256,True,127.7,12.5,96.1,1.445,0.185
in_ch_sweep_512,720,512,256,True,123.9,15.2,92.8,1.524,0.189
in_ch_sweep_512,736,512,256,True,109.2,20.3,85.0,1.766,0.193
in_ch_sweep_512,752,512,256,True,137.9,15.9,94.9,1.430,0.197
in_ch_sweep_512,768,512,256,True,139.9,13.9,108.6,1.439,0.201
in_ch_sweep_512,784,512,256,True,140.8,11.4,111.6,1.460,0.206
in_ch_sweep_512,800,512,256,True,122.5,18.9,89.9,1.712,0.210
in_ch_sweep_512,816,512,256,True,105.0,19.2,85.6,2.037,0.214
in_ch_sweep_512,832,512,256,True,131.3,22.9,96.5,1.661,0.218
in_ch_sweep_512,848,512,256,True,142.4,8.0,122.2,1.562,0.222
in_ch_sweep_512,864,512,256,True,147.8,2.7,142.6,1.532,0.226
in_ch_sweep_512,880,512,256,True,144.6,3.5,138.9,1.596,0.231
in_ch_sweep_512,896,512,256,True,141.8,12.2,102.2,1.656,0.235
in_ch_sweep_512,912,512,256,True,145.8,12.7,112.0,1.639,0.239
in_ch_sweep_512,928,512,256,True,128.9,19.2,95.1,1.887,0.243
in_ch_sweep_512,944,512,256,True,118.8,14.1,96.6,2.083,0.247
in_ch_sweep_512,960,512,256,True,124.9,18.2,97.5,2.015,0.252
in_ch_sweep_512,976,512,256,True,120.1,15.8,97.8,2.130,0.256
in_ch_sweep_512,992,512,256,True,147.9,14.0,103.0,1.759,0.260
in_ch_sweep_512,1008,512,256,True,132.3,19.1,99.5,1.998,0.264
in_ch_sweep_512,1024,512,256,True,156.7,7.7,141.8,1.713,0.268
in_ch_sweep_512,1040,512,256,True,133.5,23.5,105.4,2.043,0.273
in_ch_sweep_512,1056,512,256,True,122.3,21.3,96.5,2.263,0.277
in_ch_sweep_512,1072,512,256,True,153.8,4.7,146.3,1.827,0.281
in_ch_sweep_512,1088,512,256,True,154.7,6.5,140.8,1.843,0.285
in_ch_sweep_512,1104,512,256,True,154.9,4.7,139.9,1.868,0.289
in_ch_sweep_512,1120,512,256,True,146.9,22.8,101.0,1.999,0.294
in_ch_sweep_512,1136,512,256,True,161.4,8.5,152.0,1.846,0.298
in_ch_sweep_512,1152,512,256,True,135.3,22.7,107.6,2.231,0.302
in_ch_sweep_512,1168,512,256,True,128.9,21.3,102.5,2.375,0.306
in_ch_sweep_512,1184,512,256,True,127.6,19.7,97.3,2.432,0.310
in_ch_sweep_512,1200,512,256,True,128.3,17.9,108.3,2.452,0.315
in_ch_sweep_512,1216,512,256,True,133.8,21.7,102.5,2.383,0.319
in_ch_sweep_512,1232,512,256,True,119.5,17.8,98.4,2.702,0.323
in_ch_sweep_512,1248,512,256,True,141.1,17.6,106.2,2.319,0.327
in_ch_sweep_512,1264,512,256,True,137.9,13.2,109.2,2.404,0.331
in_ch_sweep_512,1280,512,256,True,158.3,4.4,150.5,2.120,0.336
in_ch_sweep_512,1296,512,256,True,161.2,5.8,151.4,2.108,0.340
in_ch_sweep_512,1312,512,256,True,160.7,7.3,150.3,2.141,0.344
in_ch_sweep_512,1328,512,256,True,152.8,7.4,137.9,2.278,0.348
in_ch_sweep_512,1344,512,256,True,160.2,4.8,152.6,2.200,0.352
in_ch_sweep_512,1360,512,256,True,152.7,9.8,123.9,2.335,0.357
in_ch_sweep_512,1376,512,256,True,142.3,17.5,110.8,2.534,0.361
in_ch_sweep_512,1392,512,256,True,144.9,17.1,105.9,2.517,0.365
in_ch_sweep_512,1408,512,256,True,151.0,18.4,109.0,2.444,0.369
in_ch_sweep_512,1424,512,256,True,162.7,6.7,154.7,2.294,0.373
in_ch_sweep_512,1440,512,256,True,156.2,14.0,116.7,2.417,0.377
in_ch_sweep_512,1456,512,256,True,153.8,13.9,119.5,2.482,0.382
in_ch_sweep_512,1472,512,256,True,161.4,6.0,154.1,2.391,0.386
in_ch_sweep_512,1488,512,256,True,158.0,5.7,148.3,2.468,0.390
in_ch_sweep_512,1504,512,256,True,156.8,3.9,151.2,2.514,0.394
in_ch_sweep_512,1520,512,256,True,161.0,10.6,140.2,2.475,0.398
in_ch_sweep_512,1536,512,256,True,158.5,24.9,123.9,2.541,0.403
in_ch_sweep_512,1552,512,256,True,144.5,11.8,124.0,2.816,0.407
in_ch_sweep_512,1568,512,256,True,149.1,12.6,120.2,2.757,0.411
in_ch_sweep_512,1584,512,256,True,150.8,9.8,136.4,2.753,0.415
in_ch_sweep_512,1600,512,256,True,153.9,5.6,143.7,2.725,0.419
in_ch_sweep_512,1616,512,256,True,157.8,3.2,151.8,2.685,0.424
in_ch_sweep_512,1632,512,256,True,157.9,20.0,127.0,2.710,0.428
in_ch_sweep_512,1648,512,256,True,140.7,11.6,118.9,3.071,0.432
in_ch_sweep_512,1664,512,256,True,153.3,13.3,124.5,2.846,0.436
in_ch_sweep_512,1680,512,256,True,160.5,4.7,151.3,2.744,0.440
in_ch_sweep_512,1696,512,256,True,148.4,13.5,119.8,2.996,0.445
in_ch_sweep_512,1712,512,256,True,158.8,5.4,153.2,2.825,0.449
in_ch_sweep_512,1728,512,256,True,159.4,4.4,152.0,2.842,0.453
in_ch_sweep_512,1744,512,256,True,153.2,11.4,130.9,2.984,0.457
in_ch_sweep_512,1760,512,256,True,163.1,12.3,151.4,2.829,0.461
in_ch_sweep_512,1776,512,256,True,159.3,12.5,140.5,2.922,0.466
in_ch_sweep_512,1792,512,256,True,168.7,7.2,155.0,2.784,0.470
in_ch_sweep_512,1808,512,256,True,167.4,8.1,157.1,2.831,0.474
in_ch_sweep_512,1824,512,256,True,170.8,13.7,146.8,2.799,0.478
in_ch_sweep_512,1840,512,256,True,159.6,7.2,140.2,3.023,0.482
in_ch_sweep_512,1856,512,256,True,167.0,7.5,146.5,2.914,0.487
in_ch_sweep_512,1872,512,256,True,168.9,7.7,152.4,2.906,0.491
in_ch_sweep_512,1888,512,256,True,161.0,9.0,151.1,3.074,0.495
in_ch_sweep_512,1904,512,256,True,169.3,11.0,143.9,2.949,0.499
in_ch_sweep_512,1920,512,256,True,162.7,10.9,138.2,3.094,0.503
in_ch_sweep_512,1936,512,256,True,200.1,9.6,182.7,2.537,0.508
in_ch_sweep_512,1952,512,256,True,210.9,4.4,202.4,2.426,0.512
in_ch_sweep_512,1968,512,256,True,212.6,14.8,186.6,2.427,0.516
in_ch_sweep_512,1984,512,256,True,195.5,7.7,185.0,2.660,0.520
in_ch_sweep_512,2000,512,256,True,203.6,5.4,194.2,2.575,0.524
in_ch_sweep_512,2016,512,256,True,195.3,7.0,187.1,2.707,0.528
in_ch_sweep_512,2032,512,256,True,204.7,9.7,188.8,2.603,0.533
in_ch_sweep_512,2048,512,256,True,192.0,7.8,180.8,2.796,0.537
in_ch_sweep_512,2064,512,256,True,273.7,10.6,254.2,1.977,0.541
in_ch_sweep_512,2080,512,256,True,299.8,20.4,273.2,1.819,0.545
in_ch_sweep_512,2096,512,256,True,306.6,25.1,263.8,1.792,0.549
in_ch_sweep_512,2112,512,256,True,298.6,16.2,276.7,1.854,0.554
in_ch_sweep_512,2128,512,256,True,300.8,9.0,283.9,1.854,0.558
in_ch_sweep_512,2144,512,256,True,291.1,11.2,266.2,1.931,0.562
in_ch_sweep_512,2160,512,256,True,301.9,8.9,278.4,1.876,0.566
in_ch_sweep_512,2176,512,256,True,305.1,16.0,279.8,1.870,0.570
in_ch_sweep_512,2192,512,256,True,308.8,3.6,302.1,1.861,0.575
in_ch_sweep_512,2208,512,256,True,304.5,10.5,288.2,1.901,0.579
in_ch_sweep_512,2224,512,256,True,307.5,13.2,278.4,1.896,0.583
in_ch_sweep_512,2240,512,256,True,314.1,11.7,294.5,1.869,0.587
in_ch_sweep_512,2256,512,256,True,322.9,14.0,308.6,1.831,0.591
in_ch_sweep_512,2272,512,256,True,316.6,16.0,293.1,1.881,0.596
in_ch_sweep_512,2288,512,256,True,323.2,16.5,299.6,1.856,0.600
in_ch_sweep_512,2304,512,256,True,320.2,20.2,292.5,1.886,0.604
in_ch_sweep_512,2320,512,256,True,331.6,15.2,304.7,1.834,0.608
in_ch_sweep_512,2336,512,256,True,310.4,17.2,286.1,1.973,0.612
in_ch_sweep_512,2352,512,256,True,323.3,8.3,303.9,1.907,0.617
in_ch_sweep_512,2368,512,256,True,315.3,11.5,298.7,1.969,0.621
in_ch_sweep_512,2384,512,256,True,337.2,14.6,299.5,1.853,0.625
in_ch_sweep_512,2400,512,256,True,334.9,20.4,297.4,1.879,0.629
in_ch_sweep_512,2416,512,256,True,333.6,7.8,314.2,1.899,0.633
in_ch_sweep_512,2432,512,256,True,338.2,15.4,294.2,1.885,0.638
in_ch_sweep_512,2448,512,256,True,328.1,15.2,307.8,1.956,0.642
in_ch_sweep_512,2464,512,256,True,343.8,12.5,325.7,1.879,0.646
in_ch_sweep_512,2480,512,256,True,330.9,14.0,302.7,1.965,0.650
in_ch_sweep_512,2496,512,256,True,337.1,13.7,316.1,1.941,0.654
in_ch_sweep_512,2512,512,256,True,339.6,14.2,317.4,1.939,0.659
in_ch_sweep_512,2528,512,256,True,342.8,14.2,312.3,1.933,0.663
in_ch_sweep_512,2544,512,256,True,342.6,26.4,300.4,1.947,0.667
in_ch_sweep_512,2560,512,256,True,304.4,7.5,286.5,2.205,0.671
in_ch_sweep_512,2576,512,256,True,314.8,32.4,281.3,2.145,0.675
in_ch_sweep_512,2592,512,256,True,291.4,13.2,267.0,2.332,0.679
in_ch_sweep_512,2608,512,256,True,307.3,29.9,276.5,2.225,0.684
in_ch_sweep_512,2624,512,256,True,288.6,16.8,256.5,2.383,0.688
in_ch_sweep_512,2640,512,256,True,295.3,12.1,272.7,2.344,0.692
in_ch_sweep_512,2656,512,256,True,325.3,8.9,315.3,2.140,0.696
in_ch_sweep_512,2672,512,256,True,351.3,20.7,302.0,1.994,0.700
in_ch_sweep_512,2688,512,256,True,348.4,25.3,318.2,2.022,0.705
in_ch_sweep_512,2704,512,256,True,355.6,9.1,338.5,1.993,0.709
in_ch_sweep_512,2720,512,256,True,350.7,17.6,316.2,2.033,0.713
in_ch_sweep_512,2736,512,256,True,360.6,9.8,339.8,1.989,0.717
in_ch_sweep_512,2752,512,256,True,357.4,12.2,339.9,2.018,0.721
in_ch_sweep_512,2768,512,256,True,360.1,21.6,329.0,2.015,0.726
in_ch_sweep_512,2784,512,256,True,356.7,7.3,339.3,2.046,0.730
in_ch_sweep_512,2800,512,256,True,357.3,13.9,336.8,2.054,0.734
in_ch_sweep_512,2816,512,256,True,361.4,15.2,328.7,2.043,0.738
in_ch_sweep_512,2832,512,256,True,374.5,45.4,330.7,1.983,0.742
in_ch_sweep_512,2848,512,256,True,353.6,15.1,318.2,2.112,0.747
in_ch_sweep_512,2864,512,256,True,359.3,5.5,350.8,2.089,0.751
in_ch_sweep_512,2880,512,256,True,366.4,8.8,354.2,2.060,0.755
in_ch_sweep_512,2896,512,256,True,359.8,14.9,337.3,2.110,0.759
in_ch_sweep_512,2912,512,256,True,344.6,12.6,328.6,2.215,0.763
in_ch_sweep_512,2928,512,256,True,371.0,17.6,341.1,2.069,0.768
in_ch_sweep_512,2944,512,256,True,362.9,7.1,349.2,2.127,0.772
in_ch_sweep_512,2960,512,256,True,375.3,14.2,338.6,2.068,0.776
in_ch_sweep_512,2976,512,256,True,373.4,12.2,348.0,2.089,0.780
in_ch_sweep_512,2992,512,256,True,365.1,14.9,340.6,2.148,0.784
in_ch_sweep_512,3008,512,256,True,364.4,10.6,349.5,2.164,0.789
in_ch_sweep_512,3024,512,256,True,385.4,20.2,369.3,2.057,0.793
in_ch_sweep_512,3040,512,256,True,385.0,22.7,358.1,2.070,0.797
in_ch_sweep_512,3056,512,256,True,381.5,22.9,345.0,2.100,0.801
in_ch_sweep_512,3072,512,256,True,375.1,9.6,362.1,2.147,0.805
in_ch_sweep_512,3088,512,256,True,375.7,7.2,358.5,2.155,0.810
in_ch_sweep_512,3104,512,256,True,370.8,9.0,356.0,2.195,0.814
in_ch_sweep_512,3120,512,256,True,388.6,14.1,361.7,2.105,0.818
in_ch_sweep_512,3136,512,256,True,390.9,10.2,367.2,2.103,0.822
in_ch_sweep_512,3152,512,256,True,387.0,25.8,357.1,2.135,0.826
in_ch_sweep_512,3168,512,256,True,397.3,29.9,354.2,2.090,0.830
in_ch_sweep_512,3184,512,256,True,395.8,24.4,371.7,2.109,0.835
in_ch_sweep_512,3200,512,256,True,386.9,8.8,368.0,2.168,0.839
in_ch_sweep_512,3216,512,256,True,403.7,36.3,360.8,2.088,0.843
in_ch_sweep_512,3232,512,256,True,398.9,22.8,372.8,2.124,0.847
in_ch_sweep_512,3248,512,256,True,394.3,17.5,378.5,2.159,0.851
in_ch_sweep_512,3264,512,256,True,393.3,8.6,368.4,2.175,0.856
in_ch_sweep_512,3280,512,256,True,407.5,26.3,359.6,2.110,0.860
in_ch_sweep_512,3296,512,256,True,386.2,11.8,367.2,2.237,0.864
in_ch_sweep_512,3312,512,256,True,399.5,7.7,382.4,2.173,0.868
in_ch_sweep_512,3328,512,256,True,400.1,12.6,387.2,2.181,0.872
in_ch_sweep_512,3344,512,256,True,403.6,11.9,379.2,2.172,0.877
in_ch_sweep_512,3360,512,256,True,409.7,14.0,383.2,2.150,0.881
in_ch_sweep_512,3376,512,256,True,416.3,22.0,384.2,2.126,0.885
in_ch_sweep_512,3392,512,256,True,399.1,8.7,378.9,2.228,0.889
in_ch_sweep_512,3408,512,256,True,412.4,16.2,385.1,2.166,0.893
in_ch_sweep_512,3424,512,256,True,415.0,27.6,385.0,2.163,0.898
in_ch_sweep_512,3440,512,256,True,413.8,21.2,390.4,2.179,0.902
in_ch_sweep_512,3456,512,256,True,407.5,20.8,384.0,2.223,0.906
in_ch_sweep_512,3472,512,256,True,416.5,23.6,390.2,2.185,0.910
in_ch_sweep_512,3488,512,256,True,426.3,34.3,380.6,2.145,0.914
in_ch_sweep_512,3504,512,256,True,426.1,27.7,393.0,2.156,0.919
in_ch_sweep_512,3520,512,256,True,418.8,16.8,393.4,2.203,0.923
in_ch_sweep_512,3536,512,256,True,420.4,11.5,389.2,2.205,0.927
in_ch_sweep_512,3552,512,256,True,422.3,14.4,406.3,2.205,0.931
in_ch_sweep_512,3568,512,256,True,421.2,12.2,388.2,2.221,0.935
in_ch_sweep_512,3584,512,256,True,429.1,9.2,413.0,2.190,0.940
in_ch_sweep_512,3600,512,256,True,422.9,15.3,378.4,2.231,0.944
in_ch_sweep_512,3616,512,256,True,417.6,12.8,397.2,2.270,0.948
in_ch_sweep_512,3632,512,256,True,434.8,12.7,413.5,2.190,0.952
in_ch_sweep_512,3648,512,256,True,440.1,11.8,420.1,2.173,0.956
in_ch_sweep_512,3664,512,256,True,435.3,9.6,421.1,2.206,0.960
in_ch_sweep_512,3680,512,256,True,427.9,11.3,406.6,2.255,0.965
in_ch_sweep_512,3696,512,256,True,435.1,8.5,425.1,2.227,0.969
in_ch_sweep_512,3712,512,256,True,441.7,22.5,414.8,2.203,0.973
in_ch_sweep_512,3728,512,256,True,438.2,18.3,422.5,2.230,0.977
in_ch_sweep_512,3744,512,256,True,434.0,20.1,406.0,2.261,0.981
in_ch_sweep_512,3760,512,256,True,437.2,13.1,414.2,2.254,0.986
in_ch_sweep_512,3776,512,256,True,451.5,30.2,417.8,2.192,0.990
in_ch_sweep_512,3792,512,256,True,449.0,28.0,418.1,2.214,0.994
in_ch_sweep_512,3808,512,256,True,458.7,16.8,435.6,2.176,0.998
in_ch_sweep_512,3824,512,256,True,437.9,7.3,418.4,2.289,1.002
in_ch_sweep_512,3840,512,256,True,443.3,6.9,429.9,2.271,1.007
in_ch_sweep_512,3856,512,256,True,455.8,24.9,412.2,2.218,1.011
in_ch_sweep_512,3872,512,256,True,456.0,28.4,420.6,2.226,1.015
in_ch_sweep_512,3888,512,256,True,460.8,34.2,402.4,2.212,1.019
in_ch_sweep_512,3904,512,256,True,466.9,13.8,436.1,2.192,1.023
in_ch_sweep_512,3920,512,256,True,454.1,9.3,437.8,2.263,1.028
in_ch_sweep_512,3936,512,256,True,462.1,19.3,445.2,2.233,1.032
in_ch_sweep_512,3952,512,256,True,460.3,19.7,435.3,2.250,1.036
in_ch_sweep_512,3968,512,256,True,462.4,23.5,430.2,2.250,1.040
in_ch_sweep_512,3984,512,256,True,464.4,23.4,433.4,2.249,1.044
in_ch_sweep_512,4000,512,256,True,465.0,16.5,443.5,2.255,1.049
in_ch_sweep_512,4016,512,256,True,464.6,13.8,444.9,2.266,1.053
in_ch_sweep_512,4032,512,256,True,468.3,15.3,433.4,2.257,1.057
in_ch_sweep_512,4048,512,256,True,450.6,28.7,416.0,2.355,1.061
in_ch_sweep_512,4064,512,256,True,462.1,11.2,444.4,2.305,1.065
in_ch_sweep_512,4080,512,256,True,473.2,29.1,440.2,2.260,1.070
in_ch_sweep_512,4096,512,256,True,471.4,24.1,440.9,2.278,1.074
in_ch_sweep_512,4112,512,256,True,607.9,32.0,574.1,1.773,1.078
in_ch_sweep_512,4128,512,256,True,600.2,11.9,579.6,1.803,1.082
in_ch_sweep_512,4144,512,256,True,607.0,29.3,574.6,1.790,1.086
in_ch_sweep_512,4160,512,256,True,607.0,13.4,586.2,1.796,1.091
in_ch_sweep_512,4176,512,256,True,599.0,16.4,578.3,1.828,1.095
in_ch_sweep_512,4192,512,256,True,612.7,29.2,572.0,1.793,1.099
in_ch_sweep_512,4208,512,256,True,626.9,35.1,586.5,1.760,1.103
in_ch_sweep_512,4224,512,256,True,626.7,30.1,583.5,1.767,1.107
in_ch_sweep_512,4240,512,256,True,617.0,18.0,583.6,1.801,1.111
in_ch_sweep_512,4256,512,256,True,613.3,11.6,593.2,1.819,1.116
in_ch_sweep_512,4272,512,256,True,615.2,9.1,600.5,1.820,1.120
in_ch_sweep_512,4288,512,256,True,627.0,38.3,584.6,1.793,1.124
in_ch_sweep_512,4304,512,256,True,608.0,18.3,572.5,1.856,1.128
in_ch_sweep_512,4320,512,256,True,635.4,35.5,578.6,1.782,1.132
in_ch_sweep_512,4336,512,256,True,629.6,14.0,601.3,1.805,1.137
